﻿<?xml version="1.0" encoding="utf-8"?>
<GameSaveMetadata>
  <InstalledAddons>DLC_DOCTOR_MODE</InstalledAddons>
  <InstalledAddons>DLC_ADMIN_PATHOLOGY</InstalledAddons>
  <InstalledAddons>DLC_INFECTIOUS_DISEASES</InstalledAddons>
  <InstalledAddons>DLC_TRAUMATOLOGY</InstalledAddons>
  <InstalledAddons>ADDON_MOD_CRP</InstalledAddons>
  <InstalledAddons>ADDON_MOD_ONCOLOGYSL</InstalledAddons>
  <TimeDay>4</TimeDay>
  <TimeHour>2.45480013</TimeHour>
  <BudgetBalance>269338</BudgetBalance>
  <CloudSaveEnabled>false</CloudSaveEnabled>
  <HospitalConfiguration>
    <m_freeBuilding>true</m_freeBuilding>
    <m_deathEnabled>true</m_deathEnabled>
    <m_unlockAll>true</m_unlockAll>
  </HospitalConfiguration>
</GameSaveMetadata>